{"cameraMode":{"drawMode":0,"name":"Shaded","section":"Shading Mode"},"sceneLighting":false,"audioPlay":false,"sceneViewState":{"m_AlwaysRefresh":false,"showFog":true,"showSkybox":false,"showFlares":true,"showImageEffects":true,"showParticleSystems":true,"showVisualEffectGraphs":true,"m_FxEnabled":true},"in2DMode":false,"pivot":{"x":0.03206421434879303,"y":-0.012597322463989258,"z":0.05484768748283386},"rotation":{"x":0.2759302258491516,"y":-0.16336484253406526,"z":0.047650814056396487,"w":0.9459947347640991},"size":0.33361053466796877,"orthographic":false}