{"cameraMode":{"drawMode":0,"name":"Shaded","section":"Shading Mode"},"sceneLighting":true,"audioPlay":false,"sceneViewState":{"m_AlwaysRefresh":false,"showFog":true,"showSkybox":false,"showFlares":true,"showImageEffects":true,"showParticleSystems":true,"showVisualEffectGraphs":true,"m_FxEnabled":true},"in2DMode":false,"pivot":{"x":0.006234645843505859,"y":-0.001602768898010254,"z":-0.009740591049194336},"rotation":{"x":0.2759302258491516,"y":-0.16336484253406526,"z":0.047650814056396487,"w":0.9459947347640991},"size":2.9388158321380617,"orthographic":false}